{
    "lessons": [
        {
            "name": "Whitespace & Comment Lines",
            "no": 1,
            "body": [
                {
                    "title": "whitespace",
                    "body": "Kod yazılırken kullanılan bazı karakterler whitespace karakterleri olarak adlandırılır ve derleyici tarafından dikkate alınmaz. Bununla birlikte, whitespace karakterleri kodun daha okunur görünmesini sağlamak amacıyla kullanılır."
                },
                {
                    "title": "end-of-line",
                    "body": " \n ile ifade edilir; kod yazılırken Enter tuşuna her basılışta, imlecin bulunduğu yere bir end-of-line karakteri koyulur ve kullanılan metin düzenleyici bu karakteri yorumlayarak imleci bir satır aşağıya indirip satır başına götürür."
                },
                {
                    "title": "form-feed",
                    "body": "\f ile ifade edilir ve imleci sonraki sayfanın başına götürür."
                },
                {
                    "title": "tab",
                    "body": "\t ile ifade edilir, çalışılan metin düzenleyicide genellikle 4 ya da 8 boşluk karakterine karşılık gelecek şekilde ayarlanabilir."
                },
                {
                    "title": "Comment Lines",
                    "body": "Açıklama satırları, kod içi belgeleme amacıyla kullanılan ve derleyici tarafından dikkate alınmayan kod kesimleridir. Java ' da açıklama satırları 3 farklı şekilde yazılır."
                },
                {
                    "image": "ders1comment1",
                    "imageDescription": "Tek satıra yazılan açıklamalar",
                    "title": "1. // ",
                    "body": "Tek satırlık yorum hakkı verir. Satırın başına yazılır"
                },
                {
                    "image": "ders1comment2",
                    "imageDescription": "Birden fazla satıra yazılan açıklamalar",
                    "title": "2. /*....*/",
                    "body": "Birden fazla yorum satırı kullanılacaksa başlangıç (/*) ve sonuna (*/) karakterleri konulur. Arasında istenildiği satır uzunluğunda yorum yazılabilir."
                },
                {
                    "image": "ders1comment3",
                    "imageDescription": "javadoc için kullanılan imleler",
                    "title": "3. /**....*/ ",
                    "body": "Bir uygulama geliştirilirken kod içi belgeleme yapmak güzel bir programlama alışkanlığıdır. Çünkü hem yapmakta olduğunuz işi en güzel o işi yaparken açıklayabilirsiniz, hem de açıklayabildiğiniz kodu anlamışsınız demektir ve o kodu açıklayarak yazdığınız için hata yapma olasılığınız düşer. Öte yandan, çoğu zaman uygulamaların raporlarının oluşturulması gerekir. Kod yazıldıktan sonra kodun içine yazılan açıklamalardan bir belge oluşturarak bu belgeyi raporun sonuna eklemek programcının yükünü hafifletecektir. İşte şimdi bahsedeceğimiz üçüncü yöntem bu amaçla kullanılır. /** ve */ işaretleri arasına yazılan açıklamalar bir takım özel etiketler içerebilir. Kod içi belgeleme, bu etiketleri tanıyan ve etiketlerden faydalanarak belge üreten bir aracın yardımı ile belgeye dönüştürülebilmektedir. Bu tarzda yazılan açıklama satırlarına Javadoc adı verilmek "
                }
            ]
        },
        {
            "name": "Primitive Types & Değişkenler",
            "no": 2,
            "body": [
                {
                    "image": "ders2types1",
                    "imageDescription": "Java'da temel türler",
                    "title": "Primitive Types",
                    "body": "Java’da temel türler tabloda görüldüğü kadardır. Herbir temel türün uzunluğunun ve alabileceği en büyük ve en küçük değerlerin belli olması programcıların işini kolaylaştırmaktadır."
                },
                {
                    "image":"ders2degiskenler1",
                    "imageDescription":"Kod bloğu ve tanım örnekleri",
                    "title":"Değişken Tanımlama - Scope",
                    "body":"Değişken, veri saklamak için kullanılan bellek alanlarına verilen addır. Her değişkenin adı, adresi, türü ve değeri vardır. Değişken adı türkçe karakter barındıramaz ve sayıyla başlayamaz. Tek kelime olarak yazılmalıdır. Aynı türden birden fazla değişken tanımlanacaksa, bunlar “,” işareti ile ayrılarak yazılabilirler. Scope ise değişkenin tanımlı olduğu alana denir. İki küme parantezi (“{“ ve “}”) arasında kalan kod kesimine blok denir. “{“ işareti bir kod bloğu başlatır ve “}” işareti başlatılan kod bloğunu bitirir. Herhangi bir değişken, tanımlandığı kod bloğu içinde fiziksel olarak vardır ve o kod bloğu içine yazılan kod kesimlerinden erişilebilirdir. Bu alana değişkenin tanım alanı denir. Bir blok içinde aynı değişken adı birden fazla kez kullanılamaz."
                }
            ]
        },
        {
            "name":"Operators",
            "no":3,
            "body":[
                {
                    "image":"operators1",
                    "imageDescription":"Aritmetik işleçler",
                    "title":"Aritmetik İşleçler",
                    "body":"Atama ve matematiksel işlemler için operatorler kullanılır."
                },
                {
                    "image":"operators2",
                    "imageDescription":"Birleşik aritmetik işleçler",
                    "title":"Birleşik Aritmetik İşleçler",
                    "body":"Matematiksel işlemleri atama ile berabe kullanırken daha sade şekilde yazmak için kullanılır."
                },
                {
                    "image":"operators3",
                    "imageDescription":"Birleşik aritmetik işleçler",
                    "title":"Arttırma ve Azaltma İşleçleri",
                    "body":"Arttırma ve azaltma işleçleri değişkenin önüne veya sonuna yazılabilir. Nereye yazıldıklarına bağlı olarak işleçlerin nasıl işletileceği değişir."
                },
                {
                    "image":"operators4",
                    "imageDescription":"İlişkisel operatorler",
                    "title":"İlişkisel (relational) işleçler",
                    "body":"İlişkisel işleçler, mantıksal ifadelerde kullanılır. Bir karşılaştırma sonucu elde edilen değer boolean türünde mantıksal doğru (true) ya da mantıksal yanlış (false) olabilir."
                },
                {
                    "image":"operators5",
                    "imageDescription":"Mantıksal İşleçler",
                    "title":"Mantıksal İşleçler",
                    "body":""
                }
            ]
        },
        {
            "name": "Control Statements",
            "no": 4,
            "body": [
                {
                    "image": "if_else",
                    "imageDescription": "İf -Else",
                    "title": "İf -Else",
                    "body": "if deyiminin denetlemesi
                    istenen koşul ifadesi parantez içinde yazılmak zorundadır. Koşul ifadesini
                    izleyen küme parantezi ( { ), if bloğunun başlangıcıdır. Bu parantez
                    kapatılana ( } ) kadarki kod kesimi, koşulun doğru olması durumunda
                    işletilecek kesimdir. if bloğu kapatıldıktan hemen sonra else deyimi gelir
                    ve else bloğu başlar. "
                },
                {
                    "image":"if_elseif",
                    "imageDescription":"if-else if örneği",
                    "title":"if – else if",
                    "body":"if - else if deyimleri, bir koşulun sağlanmadığı durumda diğer koşul
                    ya da koşulların denetlenmesini sağlayan bir yapıdadır. Denetlenen
                    koşullardan herhangi birisinin sonucu mantıksal doğru olursa, o kod bloğu
                    işletilir ve programın akışı en sonraki else bloğunun bitimine sapar. Hiç
                    bir koşul doğru değilse, o zaman else bloğu işletilir.
                    else bloğunun yazılması zorunlu değildir."
                },
                {
                    "image":"switch",
                    "imageDescription":"Switch Yapısı",
                    "title":"Switch",
                    "body":"switch deyimi, if-else-if deyimleri ile yazılabilecek bir kod kesimini
                    daha basitçe yazmayı sağlayan, bir ifadenin değerine göre dallanmayı
                    sağlayabilen bir deyimdir. !!!switch deyimi kullanılırken break deyimlerinin dikkatli kullanılması gerekir.
                    break deyiminin unutulması ya da yazılmaması durumunda, case satırı
                    işletildikten sonra switch deyiminin sonuna sapılmayacak, işleyiş bir
                    sonraki case satırından devam edecektir. if-else if kod blokları, switch
                    bloklarına oranla hata yapmanıza daha az yatkındır. "
                }
            ]
        },
        {
            "name": "Loops",
            "no": 5,
            "body": [
                {
                    "image": "while",
                    "imageDescription": "While Döngüsü Örneği",
                    "title": "While Döngüsü",
                    "body": "While sözcüğü ile koşulun içine yazıldığı parantezler zorunludur. Koşul
                    sağlandığı sürece while bloğunun içindeki kod kesimi işletilecektir. "
                },
                {
                    "image":"do_while",
                    "imageDescription":"do-while",
                    "title":"do - while döngüsü",
                    "body":"do ve while sözcükleri ile koşulun için yazıldığı parantezler zorunludur.
                    Koşul sağlandığı sürece do-while bloğunun içindeki kod kesimi
                    işletilecektir.!!!do-while döngüsünde, döngü bloğu içindeki kod kesimi en az bir kez
                    mutlaka işletilecektir. Çünkü önce döngü bloğu işletilip sonra koşul
                    denetlenmektedir. while döngüsünde ise önce koşula bakılıp sonra döngü
                    bloğu işletildiği için, döngüye hiç girilmemesi olasıdır."
                },
                {
                    "image":"fordongusu",
                    "imageDescription":"for döngüsü örneği",
                    "title":"for Döngüsü",
                    "body":"ilk_deger_atama: Döngüye ilk defa girilirken işletilecek kod kesimidir.
                    Yalnızca bir kez işletilir. Boş bırakılabilir ya da birden fazla deyimden
                    oluşabilir. Birden fazla deyimden oluşuyorsa, deyimler “,” (virgül) işareti
                    ile birbirlerinden ayrılır. Genellikle döngü değişkeninin ilk değerinin
                    verilmesi için kullanılır ve tek deyim içerir.
                    koşul: Döngü bloğu işletilmeden önce denetlenecek koşul ifadesini içerir.
                    while döngüsünde olduğu gibi, önce koşul denetlenir, koşulun mantıksal
                    doğru olması durumunda döngü bloğu işletilir.
                    her_dönüşte: Döngü bloğu işletildikten sonra, koşul yeniden
                    denetlenmeden hemen önce işletilecek kod kesimidir. Döngü bloğunun her
                    işletilmesinden sonra bir kez işletilir. Boş bırakılabilir ya birden fazla
                    deyimden oluşabilir. Birden fazla deyimden oluşuyorsa, deyimler “,”
                    (virgül) işareti ile birbirlerinden ayrılır. Genellikle döngü değişkeninin
                    değerinin güncellenmesi için kullanılır ve tek deyim içerir. "
                }
            ]
        },
        {
            "name": "Nesne Oluşturma",
            "no": 6,
            "body": [
                {
                    "image": "new_nesnesi",
                    "imageDescription": "new işleci",
                    "title": "new işleci",                  
                    "body": "Herhangi bir sınıfa ait bir nesne oluşturulabilmesi için new işleci kullanılır.
                    new, belirtilen sınıfa ait bir nesne oluşturup bu nesnenin bellekteki adresini
                    (referansını) döndürür."
                },
                {
                    "image": "new_nesnesi",
                    "imageDescription": "Referans Tür",
                    "title": "Referans Tür",                  
                    "body": "New işleci ile bir nesne oluşturulduğunu ve bu nesnenin bellekteki adresinin
                    döndürüldüğünü söyledik. Döndürülen adres, oluşturulan nesneye daha
                    sonra erişmek amacıyla referans olarak kullanılacaktır. Bu referansı
                    saklayabilmek için de bir değişkene gereksinim vardır. İçerisinde referans
                    (nesne adresi) saklayabilen türden değişkenlere referans türden değişken
                    ya da Nesne Tutamaçı (Object Handle) adı verilir ve varsayılan değer
                    olarak null değerini alırlar. null, bir nesne tutamaçının içinde o anda
                    herhangi bir nesnenin adresi olmadığını belirten değerdir. "
                },
                {
                    "image": "heap_stack_garbagecollector",
                    "imageDescription": "Yığın (Heap), Yığıt (Stack) ve Çöp Toplayıcı (Garbage
                    Collector)",
                    "title": "Yığın (Heap), Yığıt (Stack) ve Çöp Toplayıcı (Garbage
                    Collector)",                  
                    "body": "JVM, oluşturulan değişken ve nesneleri yönetmek üzere bilgisayarın
                    belleğini kullanır (32-ikillik JVM’nin en fazla 4GB bellek kullanabileceğini
                    belirtmiştik). Ancak değişkenleri ve nesneleri yönetirken farklı bellek
                    alanları ve algoritmalardan faydalanır.
                    Bir yöntem çağrıldığı zaman, o yönteme ait yerel değişkenler ile yöntemin
                    parametreleri, yöntemin dönüş adresi ve dönüş değeri ile birlikte yığıt adı
                    verilen bellek alanında oluşturulur. Yöntemin çalışması sona erdiği zaman
                    bu bilgiler yığıttan atılır (bu bilgilere tekrar erişilemez). Değişkenlerin
                    tanım alanları ve yaşam süreleri yöntem ile sınırlıdır. Yöntem yeniden
                    çağrıldığında bütün bu alanlar yığıtta yeniden ve yeni değerleri ile
                    oluşturulacaktır.
                    Nesneler ise yığında oluşturulurlar; new ile yeni bir nesne oluşturulduğu
                    zaman, JVM bu nesneyi yığın adı verilen bellek alanında saklar. Nesnenin
                    adresi ise yığıtta bulunan referans türdeki bir değişkenin içinde saklanır.
                    Bu durumda, nesneyi oluşturan kod satırının içinde bulunduğu yöntem
                    sona erdiğinde nesnenin referansını saklayan değişken yığıttan atılır.
                    Ancak nesnenin kendisi hala bellektedir. Bir Java programının çalıştığı süre
                    boyunca oluşturulan bütün nesneler yığında saklanır. "
                },
                {
                    "image": "constructor",
                    "imageDescription": "constructor",
                    "title": "Constructors",                  
                    "body": "Bir kurucuyu sınıfın içindeki diğer yöntemlerden
                    ayıran iki temel özelliği vardır:
                    1. Sınıf ile aynı addadır.
                    2. Döndürebileceği değer alanı tanımlı değildir. Burada tanımlı
                    olmamaktan kasıt, kurucunun değer döndürmeyen (void) bir
                    yöntem olması değil, böyle bir tanımın var olmamasıdır. "
                },
                {
                    "image": "this",
                    "imageDescription": "this Anahtar Sözcüğü",
                    "title": "this Anahtar Sözcüğü",                  
                    "body": "Java’da bir metodun içinde o metodun ait olduğu sınıftan yaratılacak nesneyi veya o nesnenin bir alt değişkenini tanımlamamız gerektiğinde kullandığımız deyime this diyoruz.. Bulunduğumuz sınıfta nesne daha tanımlanmadığı için bu nesneyi direk olarak kullanamıyoruz. İşte this ile ait olduğu class içinde yaratılan methodlar o class’ın nesnesini kullanabilmektedir.Basit olarak söylemek gerekirse this anahtar kelimesi o anda hangi nesne üzerinde işlem yapılıyorsa o nesnenin referansını döndürür."
                },
                {
                    "image": "constructor_overloading",
                    "imageDescription": "Constructor Overloading",
                    "title": "Constructor Overloading",                  
                    "body": "Java'da, yöntemler gibi yapıcıları aşırı yükleyebiliriz. Yapıcı aşırı yüklemesi, her kurucunun farklı bir görevi yerine getirebilmesi için farklı parametrelere sahip birden fazla kurucuya sahip olma kavramı olarak tanımlanabilir."
                },
                {
                    "image": "kurucularinbirbirinicagirmasi",
                    "imageDescription": "Kurucuların Birbirini Çağırması",
                    "title": "Kurucuların Birbirini Çağırması",                  
                    "body": "Kurucular incelenirse, bazı kodların tekrar tekrar yazıldığı görülür. Bir kod
                    kesiminin tekrarlanması istenen bir durum değildir. Çünkü kodun
                    tekrarlanması, hem tutarsızlıklara neden olabilir hem de bakımı yapılacak
                    kod miktarını arttırır. Bunun engellenebilmesi için, yazılan kodu
                    kopyalamak yerine, kodun yazıldığı kesimi işlev haline getirip çağrılması
                    düşünülebilir."
                },
                {
                    "image": "methodoverloading",
                    "imageDescription": "Method overloading",
                    "title": "Method Overloading",                  
                    "body": "Aşırı yükleme, farklı yöntemlerin aynı ada sahip olmasına, ancak imzanın giriş parametrelerinin sayısına veya giriş parametrelerinin türüne veya her ikisine göre farklılık gösterebileceği farklı imzalara izin verir. Aşırı yükleme, derleme zamanı (veya statik) polimorfizmi ile ilgilidir."
                },
                {
                    "image": "diziler",
                    "imageDescription": "Diziler",
                    "title": "Diziler",                  
                    "body": "Java’da diziler, birçok programın temel yapısını oluşturan etkili bir kavramdır. Diziler (Arrays), sabit tanımı ile içerisinde aynı türden veri tiplerinin tutulduğu bir yapıdır. Oluşturacağımız ve programız içerisinde kullanacağımız diziler ile veriler daha kolay yöneltilebilir ve gruplandırmalar yapılabilir. Java’da diziler, diğer dillerden farklı olarak bir nesne olarak karşımıza çıkar. Bu sahip olduğu özellik ile daha yüksek bir performans ve bizlere güvenlik sağlar."
                }
             
            ]
        },
        {
            "name": "Encapsulation  and   Access Modifiers",
            "no": 7,
            "body": [
                {
                    "image": "encapsulation",
                    "imageDescription": "Encapsulation",
                    "title": "Encapsulation",                  
                    "body": "Kapsülleme , dört temel OOP kavramından biridir. Diğer üçü kalıtım, polimorfizm ve soyutlamadır.

                    Java'da kapsülleme, verileri (değişkenleri) ve veriler üzerinde hareket eden kodu (yöntemleri) tek bir birim olarak bir araya getirme mekanizmasıdır. Kapsüllemede, bir sınıfın değişkenleri diğer sınıflardan gizlenir ve yalnızca mevcut sınıflarının yöntemleri aracılığıyla erişilebilir. Bu nedenle veri gizleme olarak da bilinir .
                    
                    Java'da kapsülleme elde etmek için -
                    -Bir sınıfın değişkenlerini private olarak bildirin.
                    -Değişken değerlerini değiştirmek ve görüntülemek için genel ayarlayıcı ve alıcı yöntemleri sağlayın.
                    !!Sarmalama ilkesi kodun değiştirilebilirliğini sağlar ve bakımını kolaylaştırır.
                    "
                },
                {
                    "image": "paket",
                    "imageDescription": "Paket Kavramı",
                    "title": "Paket Kavramı",                  
                    "body": "Paket gövdesine konacak sınıflar ve arayüzler, bilindik şekilde (şimdiye dek yaptığımız gibi) tanımlanırlar. Paket içindeki bir sınıfın kendi alt sınıfları, constructor’ları, anlık ve static değişkenleri, metotları, metotlar içinde yerel değişkenleri var olabilir."
                    
                },
                {
                    "image": "erisimbelirleyiciler",
                    "imageDescription": "Erişim Belirleyiciler",
                    "title": "Erişim Düzenleyiciler ",                  
                    "body": "Bir java deyimi (belli bir iş yapan kod veya kodlardan oluşan blok) bir değişkeni çağırabiliyorsa (kullanabiliyorsa), o kod sözkonusu değişkene erişebiliyor, denir. Benzer olarak, bir java kodu bir metodu çağırabiliyorsa, o kod sözkonusu metoda erişebiliyor, diyoruz. Bir sınıfın içindeki kodlar, başka bir sınıfın içindeki değişkenlere ve metotlara erişebiliyorsa, o sınıf sözkonusu sınıfa erişebiliyor, diyoruz. Paketler için de benzer tanım geçerlidir.  Bir Java öğesi (değişken, metot, sınıf, paket) tanımlanırken, o öğeye kimlerin erişebileceğini belirtme olanağı vardır. Bunlara Erişim Belirtkeleri (Access modifiers, access levels) denir. Java terimleriyle söylersek, erişim belirtkeleri sistemin güvenliğini sağlar."
                    
                },
                {
                    "image": "get_set",
                    "imageDescription": "get_set",
                    "title": "get - set Yöntemleri",                  
                    "body": "SET ifadesi nesnenin özelliklerine değer atandığında çalışır.GET ifadesi ise özellik değeri okunduğunda ya da farklı bir ifadeye aktarılmaya çalıştığında çalışır.
                    Get Ve Set ifadesini kullanmamızın temel amacı A sınıfındaki private erişim tipi olan değişkene B sınıfından erişmeye çalışırken kullanmamızdır."
                    
                }
               ]
        },
        {
            "name": "Sınıf/Nesne Değişkenleri ve Yöntemleri",
            "no": 8,
            "body": [
                {
                    "image": "static",
                    "imageDescription": "Static",
                    "title": "Static",                  
                    "body": "Statik anahtar kelimesine sahip bir değişken veyahut metot, aslında sınıfa ait olan, sınıftan yaratılan objelere ait olmayan anlamına gelir. Hatta statik konteksi sınıfın hafızası gibi düşünebilirsiniz. Bu konteks sınıftan yaratılan bütün objelerle ortak olarak paylaşılır. "
                },
                {
                "image": "final",
                "imageDescription": "final",
                "title": "final anahtar sözcüğü ve sabit tanımlama",                  
                "body": "Final değişkenleri büyük harflerle tanımlamak yaygın bir programlama alışkanlığıdır. Final anahtar sözcüğü ise değişkenler ve metotlar için kullanılabilir. Fakat bu iki kullanım birbirinden farklıdır. Burada bahsedeceğimiz kullanım sadece değişkenler için olacaktır.Bir değişkeni final olarak tanımlamak demek, bu değişkene atanacak bir ilk değerin program boyunca korunacağı anlamına gelir. Örneğin int x değişkenini final olarak tanımlarsak ve bu değişkene 10 değerini atarsak program çalıştığı müddetçe x değişkeni hep 10 değerine sahip olacaktır. Hiçbir şekilde yeni bir değer atamak veya mevcut değeri değişikliğe uğratmak mümkün değildir. Sadece bir defaya mahsus olmak üzere ilk değer ataması yapıldığı anda final olan değişken durumunu korur. "
                }
             
         ]
        },
        {
            "name": "Inheritance",
            "no": 9,
            "body": [
                {
                    "image": "kalitim",
                    "imageDescription": "kalitim",
                    "title": "Java’da Kalıtım",                  
                    "body": "Kalıtım ağacında yukarıya doğru çıkıldıkça genele, aşağıya doğru inildikçe
                    özele gidilir. Tasit, en genel ifade ile bütün taşıtları belirtir. Bisiklet ise,
                    çok daha özel bir taşıttır. Ata sınıflar, alt sınıfların daha genel bir kümesidir.
                    Kalıtımı belirten sembolü kendisinden kalıtılan sınıf yönünde izlenirse,
                    genele doğru gidilmiş olur. Bu nedenle bu ilişkiye UML bağlamında
                    genelleştirme (generalization) ilişkisi de denir. "
                },
                {
                    "image": "kalitim",
                    "imageDescription": "kalitim",
                    "title": "Kalıtımla Gelen Nitelik ve Yöntemlere Erişim",                  
                    "body": "Sınıflar arasında kalıtım ilişkisi olsa da erişim düzenleyiciler için tanımlanmış
                    kurallar geçerlidir: private nitelik ya da yöntemlere tanımlandıkları sınıf
                    dışından erişilemez! "
                },
                {
                    "image": "erisimbelirleyici",
                    "imageDescription": "erisim belirleyici tablosu",
                    "title": "protected Erişim Düzenleyici",                  
                    "body": "Bu tip erişim belirleyicisine sahip değişken ya da metodlar sınıf içerisinden, aynı sınıftan oluşturulmuş nesneden ve alt sınıflardan oluşturulmuş nesneden erişime açıktır.
                    Ancak bu sınıfın bulunduğu dış paketten erişime açık değildirler fakat dış paketteki sınıf import edilip kalıtım uygulanırsa kalıtılan sınıftan erişime açıktır ama yine de nesne ulaşımına kapalıdır.
                    Sınıfın özellikleri,
                    Sınıfın metodları ve yapılandırıcı metodları protected olabilir.
                    Sınıfın erişim belirleyicisi protected olamaz."
                },
                {
                    "image": "super",
                    "imageDescription": "super anahtar sözcüğü",
                    "title": "Kurucu Zinciri ve super Anahtar Sözcüğü",                  
                    "body": "Bir sınıfa ait nesne oluşturulurken, o sınıfın bir kurucusunun işletildiğini,
                    kurucunun çalışması tamamlandıktan sonra bellekte artık bir nesnenin
                    oluştuğunu biliyoruz. Kurucuları da nesneleri ilk oluşturuldukları anda
                    anlamlı durumlara taşıyabilmek için kullanıyoruz."
                }
              
             
         ]
        },
        {
            "name": "Polymorphism",
            "no": 10,
            "body": [
                {
                    "image": "polimorfizm",
                    "imageDescription": "polimorfizm",
                    "title": "Polymorphism",                  
                    "body": "Java çok biçimlilik kavramı olarak bilinen polymorphism, kavramı nesneye yönelik programlamanın temel taşlarından birisidir. Java’da Kalıtım kavramı ile iç içe bir yapıdadır. Java polymorphism nedir, sorusuna bir nesnenin birbirinden farklı nesneler şeklinde davranmasını sağlamamıza olanak veren yapı olarak cevaplayabiliriz. "
                },
                {
                   
                    "title": "Late Binding",                  
                    "body": "Java'da geç bağlama nedir? Kitap tanımı biçiminde geç bağlama, derleyicinin bir yöntem çağrısında hiçbir argüman denetimi, hiçbir tür denetimi yapmaması ve hepsini çalışma zamanına bırakması gerektiği anlamına gelir - çünkü muhtemelen derleyicinin yöntem uygulama koduna erişimi yoktur (örneğin COM programlama).
                    Çokbiçimliliğin gerçekleşebilmesi için;
                    1- Kalıtım ilişkisi tanımlı olmalı 
                    2- Ata sınıf türünden tanımlanmış referans değişken ile alt sınıf türünden oluşturulmuş nesneye ulaşılmalı
                    3- Alt sınıf, atasındaki yöntem(ler)i geçersiz kılmış olmalıdır."
                },
                {
                    "image": "abstractclass",
                    "imageDescription": "Abstract Class",
                    "title": "Abstract Classes",                  
                    "body": "Java'da, soyut sınıflarla ilgili bazı önemli gözlemler şunlardır:

                    Soyut bir sınıfın örneği oluşturulamaz.
                    Yapıcılara izin verilir.
                    Herhangi bir soyut yöntem olmadan soyut bir sınıfımız olabilir.
                    Soyut sınıfta bir final yöntemi olabilir , ancak sınıftaki (soyut sınıf) herhangi bir soyut yöntem nihai olarak bildirilemez veya daha basit bir ifadeyle final yöntemin kendisi soyut olamaz çünkü bir hata verir: “Değiştiricilerin geçersiz kombinasyonu: soyut ve son”
                    Soyut bir sınıf için nesneler yaratmamıza izin verilmiyor.
                    Soyut bir sınıfta statik yöntemler tanımlayabiliriz.
                    Üst düzey sınıfları (Dış sınıf) ve iç sınıfları soyut olarak bildirmek için abstract anahtar sözcüğünü kullanabiliriz.
                    Bir sınıf en az bir soyut yöntem içeriyorsa, zorunlu olarak bir sınıfı soyut olarak ilan etmelidir. 
                    Child sınıfı , Ana sınıfın tüm soyut yöntemlerine uygulama sağlayamıyorsa, o zaman Child sınıfını soyut olarak ilan etmeliyiz, böylece bir sonraki düzey Çocuk sınıfı, kalan soyut yönteme uygulama sağlamalıdır. "
                },
                {
                    "image": "interfaces",
                    "imageDescription": "interfaces",
                    "title": "Interfaces",                  
                    "body": "Java programlama dilinde bir Arayüz , bir sınıfın davranışını belirtmek için kullanılan soyut bir tür olarak tanımlanır. Java'daki bir arayüz, bir sınıfın planıdır. Bir Java arabirimi, statik sabitler ve soyut yöntemler içerir.
                       Java'daki arayüz, soyutlamaya ulaşmak için bir mekanizmadır . Java arabiriminde yöntem gövdesinde değil, yalnızca soyut yöntemler olabilir.
                      Java'da soyutlama ve çoklu kalıtım elde etmek için kullanılır . Başka bir deyişle, arayüzlerin soyut yöntemlere ve değişkenlere sahip olabileceğini söyleyebilirsiniz. Metot gövdesine sahip olamaz. Java Arayüzü ayrıca IS-A ilişkisini temsil eder .
                      Bir sınıf gibi, bir arabirimin yöntemleri ve değişkenleri olabilir, ancak arabirimde bildirilen yöntemler varsayılan olarak soyuttur (yalnızca yöntem imzası, gövde yok).      Arayüzler, bir sınıfın nasıl yapması gerektiğini değil, ne yapması gerektiğini belirtir. Bu, sınıfın planıdır.
                       Bir Arabirim, Player'ın bir arabirim olabileceği ve Player'ı uygulayan herhangi bir sınıfın move()'u yapabilmesi (veya uygulaması gerekir) gibi yeteneklerle ilgilidir. Bu nedenle, sınıfın uygulaması gereken bir dizi yöntemi belirtir.
                       Bir sınıf bir arabirim uygularsa ve arabirimde belirtilen tüm işlevler için yöntem gövdeleri sağlamıyorsa, sınıf soyut olarak bildirilmelidir.
                       Bir Java kitaplığı örneği, Karşılaştırıcı Arayüzü'dür . Bir sınıf bu arabirimi uygularsa, bir koleksiyonu sıralamak için kullanılabilir.       
                    "
                }
               
              
             
         ]
        },
        {
            "name": "Exceptions",
            "no": 11,
            "body": [
                {
                    "image": "polimorfizm",
                    "imageDescription": "polimorfizm",
                    "title": "Polymorphism",                  
                    "body": "Java çok biçimlilik kavramı olarak bilinen polymorphism, kavramı nesneye yönelik programlamanın temel taşlarından birisidir. Java’da Kalıtım kavramı ile iç içe bir yapıdadır. Java polymorphism nedir, sorusuna bir nesnenin birbirinden farklı nesneler şeklinde davranmasını sağlamamıza olanak veren yapı olarak cevaplayabiliriz. "
                },
                {
                   
                    "title": "Late Binding",                  
                    "body": "Java'da geç bağlama nedir? Kitap tanımı biçiminde geç bağlama, derleyicinin bir yöntem çağrısında hiçbir argüman denetimi, hiçbir tür denetimi yapmaması ve hepsini çalışma zamanına bırakması gerektiği anlamına gelir - çünkü muhtemelen derleyicinin yöntem uygulama koduna erişimi yoktur (örneğin COM programlama).
                    Çokbiçimliliğin gerçekleşebilmesi için;
                    1- Kalıtım ilişkisi tanımlı olmalı 
                    2- Ata sınıf türünden tanımlanmış referans değişken ile alt sınıf türünden oluşturulmuş nesneye ulaşılmalı
                    3- Alt sınıf, atasındaki yöntem(ler)i geçersiz kılmış olmalıdır."
                },
                {
                    "image": "abstractclass",
                    "imageDescription": "Abstract Class",
                    "title": "Abstract Classes",                  
                    "body": "Java'da, soyut sınıflarla ilgili bazı önemli gözlemler şunlardır:

                    Soyut bir sınıfın örneği oluşturulamaz.
                    Yapıcılara izin verilir.
                    Herhangi bir soyut yöntem olmadan soyut bir sınıfımız olabilir.
                    Soyut sınıfta bir final yöntemi olabilir , ancak sınıftaki (soyut sınıf) herhangi bir soyut yöntem nihai olarak bildirilemez veya daha basit bir ifadeyle final yöntemin kendisi soyut olamaz çünkü bir hata verir: “Değiştiricilerin geçersiz kombinasyonu: soyut ve son”
                    Soyut bir sınıf için nesneler yaratmamıza izin verilmiyor.
                    Soyut bir sınıfta statik yöntemler tanımlayabiliriz.
                    Üst düzey sınıfları (Dış sınıf) ve iç sınıfları soyut olarak bildirmek için abstract anahtar sözcüğünü kullanabiliriz.
                    Bir sınıf en az bir soyut yöntem içeriyorsa, zorunlu olarak bir sınıfı soyut olarak ilan etmelidir. 
                    Child sınıfı , Ana sınıfın tüm soyut yöntemlerine uygulama sağlayamıyorsa, o zaman Child sınıfını soyut olarak ilan etmeliyiz, böylece bir sonraki düzey Çocuk sınıfı, kalan soyut yönteme uygulama sağlamalıdır. "
                },
                {
                    "image": "interfaces",
                    "imageDescription": "interfaces",
                    "title": "Interfaces",                  
                    "body": "Java programlama dilinde bir Arayüz , bir sınıfın davranışını belirtmek için kullanılan soyut bir tür olarak tanımlanır. Java'daki bir arayüz, bir sınıfın planıdır. Bir Java arabirimi, statik sabitler ve soyut yöntemler içerir.
                       Java'daki arayüz, soyutlamaya ulaşmak için bir mekanizmadır . Java arabiriminde yöntem gövdesinde değil, yalnızca soyut yöntemler olabilir.
                      Java'da soyutlama ve çoklu kalıtım elde etmek için kullanılır . Başka bir deyişle, arayüzlerin soyut yöntemlere ve değişkenlere sahip olabileceğini söyleyebilirsiniz. Metot gövdesine sahip olamaz. Java Arayüzü ayrıca IS-A ilişkisini temsil eder .
                      Bir sınıf gibi, bir arabirimin yöntemleri ve değişkenleri olabilir, ancak arabirimde bildirilen yöntemler varsayılan olarak soyuttur (yalnızca yöntem imzası, gövde yok).      Arayüzler, bir sınıfın nasıl yapması gerektiğini değil, ne yapması gerektiğini belirtir. Bu, sınıfın planıdır.
                       Bir Arabirim, Player'ın bir arabirim olabileceği ve Player'ı uygulayan herhangi bir sınıfın move()'u yapabilmesi (veya uygulaması gerekir) gibi yeteneklerle ilgilidir. Bu nedenle, sınıfın uygulaması gereken bir dizi yöntemi belirtir.
                       Bir sınıf bir arabirim uygularsa ve arabirimde belirtilen tüm işlevler için yöntem gövdeleri sağlamıyorsa, sınıf soyut olarak bildirilmelidir.
                       Bir Java kitaplığı örneği, Karşılaştırıcı Arayüzü'dür . Bir sınıf bu arabirimi uygularsa, bir koleksiyonu sıralamak için kullanılabilir.       
                    "
                }
               
              
             
         ]
        }

        

    ]
}
